{
  "Ready_models\\gen_notebooks.py": 1776188139.9268918,
  "CLAUDE.md": 1776187197.9008758,
  "notatak.txt": 1776190819.1763506,
  "Prezentacje\\modele_nieparametryczne.pdf": 1776186765.187611,
  "Prezentacje\\modele_parametryczne.pdf": 1776186767.3152926,
  "Prezentacje\\modele_semiparametryczne.pdf": 1776186769.3760123,
  "Prezentacje\\wprowadzenie.pdf": 1776186828.5130177,
  "Ready_models\\hf_aft_aic_comparison.png": 1776189714.1620238,
  "Ready_models\\hf_aft_hazard_profiles.png": 1776189750.3576787,
  "Ready_models\\hf_aft_survival_profiles.png": 1776189749.5937147,
  "Ready_models\\hf_censoring.png": 1776189764.5287156
}